,01b3811500194d3bbc451a1d69744e4c,2023-12-04 13:00:32,async,1,1
,7083323f1861404a973ccfaba7b2aa21,2023-12-04 16:01:28,async,1,1
,5e7f52cd10ad44a1aac8539801415d4f,2023-12-04 16:01:42,async,1,1
,29f2a6d4a1b247099e41728730a85138,2023-12-04 16:02:18,async,1,1
,22f9cce7333348c4b2931c4963374626,2023-12-04 16:03:31,async,1,1
,ee57d3afeffa4658a7745a7e90a1066a,2023-12-04 16:05:03,async,1,1
,863820fdc9b1470e8c8993bf4d4cb48a,2023-12-04 16:05:18,async,1,1
,082ab598fcc9434b83b19c0f5eb6089b,2023-12-04 16:07:39,async,1,1
,58f66ea1ecc24862aa0c4e3f5b712ec6,2023-12-04 16:08:07,async,1,1
,6a37c268b60542358fbc4742ddcf4cd8,2023-12-04 16:10:02,async,1,1
,e1e3d9c78fa84d24bbbf9025aebf521c,2023-12-04 16:11:40,async,1,1
,10492dce76c54d47bf37be0a704b92d5,2023-12-04 16:13:55,async,1,1
,15005a9899f74b4887d32975586ddcd2,2023-12-04 16:14:14,async,1,1
,160df5acc19a4e87980a897fb24d61ef,2023-12-04 16:15:20,async,1,1
,527c547f49e6485bb6c5b77fd6104c68,2023-12-04 16:15:34,async,1,1
,131bbebc556c41298f2da2f24dda64d9,2023-12-04 16:18:50,async,1,1
,720ecc07124843e2856e075154cc442a,2023-12-04 16:20:28,async,1,1
,7c799a9bf96b442eb3cf41e9accb2446,2023-12-04 16:20:44,async,1,1
,231e4601a7a747d7a85b67bfa6524e75,2023-12-05 13:56:50,async,1,1
,7bfe738ad62c49ea9ddc211ac3049d15,2023-12-05 13:57:32,async,1,1
,38aa7745a22a4484a6b9c48a07c76e1a,2023-12-05 14:01:59,async,1,1
,1c3375862f3d46cd9e126ea11e4ef18f,2023-12-05 14:43:32,async,1,1
,e1349f4eb05a4ca987f9fa50e727f9b1,2023-12-05 14:44:35,async,1,1
,020b2d14f5574eb9ad7e725d03a3517a,2023-12-05 14:45:53,async,1,1
,662194ddb5df4f799bbe7dcfd9e65da4,2023-12-05 14:53:52,async,1,1
,808bfc5531a94301974dc6e5157da88f,2023-12-05 15:05:54,async,1,1
,f566e98e62b749878eabbfd91ce805d6,2023-12-05 15:06:32,async,1,1
,bf680f27025642d381a3a58f5be992b5,2023-12-05 15:06:56,async,1,1
,0d776365b8df4e06830e53689ada1a32,2023-12-05 15:07:16,async,1,1
